<?xml version='1.0' encoding='utf8'?>
<items><item1><title>Điện thoại Samsung Galaxy A51 (6GB/128GB)</title><price>6.710.000₫</price><category>

Điện thoại                    </category><specification>Màn hình: Super AMOLED , 6.5",  Full HD+ Hệ điều hành: Android 10 Camera sau: Chính 48 MP &amp; Phụ 12 MP, 5 MP, 5 MP Camera trước: 32 MP CPU: Exynos 9611 8 nhân RAM: 6 GB Bộ nhớ trong: 128 GB Thẻ nhớ: MicroSD, hỗ trợ tối đa 512 GB Thẻ SIM: 2 Nano SIM ,  Hỗ trợ 4G HOT SIM VNMB Siêu sim (5GB/ngày) Dung lượng pin: 4000 mAh, có sạc nhanh</specification><description /><image_link>https://cdn.tgdd.vn/Products/Images/42/211570/samsung-galaxy-a51-400x460-new-400x460.png //cdn.tgdd.vn/Products/Images/42/211570/samsung-galaxy-a51-blue-chi-tiet-180x125.png //cdn.tgdd.vn/Products/Images/42/211570/samsung-galaxy-a51-den-200x200-180x125.png //cdn.tgdd.vn/Products/Images/42/211570/samsung-a51-trang-200x200-180x125.png //cdn.tgdd.vn/Products/Images/42/211570/samsung-galaxy-a51-200x200-new-180x125.png</image_link></item1><item2><title>Điện thoại iPhone 11 Pro 256GB</title><price>31.490.000₫</price><category>

Điện thoại                    </category><specification>Màn hình: OLED , 5.8",  Super Retina XDR Hệ điều hành: iOS 13 Camera sau: 3 camera 12 MP Camera trước: 12 MP CPU: Apple A13 Bionic 6 nhân RAM: 4 GB Bộ nhớ trong: 256 GB Thẻ SIM: 1 eSIM &amp; 1 Nano SIM ,  Hỗ trợ 4G HOT SIM VNMB Siêu sim (5GB/ngày) Dung lượng pin: 3046 mAh, có sạc nhanh</specification><description /><image_link>https://cdn.tgdd.vn/Products/Images/42/210655/iphone-11-pro-256gb-black-400x460.png //cdn.tgdd.vn/Products/Images/42/210655/iphone-11-pro-256gb-white-200-180x125.png //cdn.tgdd.vn/Products/Images/42/210655/iphone-11-pro-256gb-black-200-180x125.png //cdn.tgdd.vn/Products/Images/42/210655/iphone-11-pro-256gb-green-200-180x125.png //cdn.tgdd.vn/Products/Images/42/210655/iphone-11-pro-256gb-gold-200-180x125.png</image_link></item2><item3><title>Điện thoại Samsung Galaxy Z Flip</title><price>36.000.000₫</price><category>

Điện thoại                    </category><specification>Màn hình: Chính: Dynamic AMOLED, phụ: Super AMOLED , 6.7",  Quad HD (2K) Hệ điều hành: Android 10 Camera sau: Chính 12 MP &amp; Phụ 12 MP Camera trước: 10 MP CPU: Snapdragon 855+ 8 nhân RAM: 8 GB Bộ nhớ trong: 256 GB Thẻ SIM: 1 eSIM &amp; 1 Nano SIM ,  Hỗ trợ 4G HOT SIM VNMB Sieu sim (5GB/ngày) Dung lượng pin: 3300 mAh, có sạc nhanh</specification><description /><image_link>https://cdn.tgdd.vn/Products/Images/42/213022/samsung-galaxy-z-flip-chitiet-2-788x544.png //cdn.tgdd.vn/Products/Images/42/213022/samsung-galaxy-z-flip-tim-200x200-180x125.png //cdn.tgdd.vn/Products/Images/42/213022/samsung-galaxy-z-flip-den-200x200-180x125.png</image_link></item3><item4><title>Điện thoại iPhone 11 Pro Max 256GB</title><price>36.490.000₫</price><category>

Điện thoại                    </category><specification>Màn hình: OLED , 6.5",  Super Retina XDR Hệ điều hành: iOS 13 Camera sau: 3 camera 12 MP Camera trước: 12 MP CPU: Apple A13 Bionic 6 nhân RAM: 4 GB Bộ nhớ trong: 256 GB Thẻ SIM: 1 eSIM &amp; 1 Nano SIM ,  Hỗ trợ 4G HOT SIM VNMB Sieu sim (5GB/ngày) Dung lượng pin: 3969 mAh, có sạc nhanh</specification><description /><image_link>https://cdn.tgdd.vn/Products/Images/42/210653/iphone-11-pro-max-256gb-black-400x460.png //cdn.tgdd.vn/Products/Images/42/210653/iphone-11-pro-max-256gb-white-200-180x125.png //cdn.tgdd.vn/Products/Images/42/210653/iphone-11-pro-max-256gb-black-200-180x125.png //cdn.tgdd.vn/Products/Images/42/210653/iphone-11-pro-max-256gb-green-200-180x125.png //cdn.tgdd.vn/Products/Images/42/210653/iphone-11-pro-max-256gb-gold-200-180x125.png</image_link></item4><item5><title>Điện thoại iPhone 11 Pro Max 512GB</title><price>39.990.000₫</price><category>

Điện thoại                    </category><specification>Màn hình: OLED , 6.5",  Super Retina XDR Hệ điều hành: iOS 13 Camera sau: 3 camera 12 MP Camera trước: 12 MP CPU: Apple A13 Bionic 6 nhân RAM: 4 GB Bộ nhớ trong: 512 GB Thẻ SIM: 1 eSIM &amp; 1 Nano SIM ,  Hỗ trợ 4G HOT SIM VNMB Sieu sim (5GB/ngày) Dung lượng pin: 3969 mAh, có sạc nhanh</specification><description /><image_link>https://cdn.tgdd.vn/Products/Images/42/210654/iphone-11-pro-max-512gb-gold-400x460.png //cdn.tgdd.vn/Products/Images/42/210654/iphone-11-pro-max-512gb-white-200-180x125.png //cdn.tgdd.vn/Products/Images/42/210654/iphone-11-pro-max-512gb-black-200-180x125.png //cdn.tgdd.vn/Products/Images/42/210654/iphone-11-pro-max-512gb-green-200-180x125.png //cdn.tgdd.vn/Products/Images/42/210654/iphone-11-pro-max-512gb-gold-200-180x125.png</image_link></item5><item6><title>Điện thoại Vsmart Star 3</title><price>1.840.000₫</price><category>

Điện thoại                    </category><specification>Màn hình: IPS LCD , 6.09",  HD+ Hệ điều hành: Android 9.0 (Pie) Camera sau: Chính 8 MP &amp; Phụ 5 MP Camera trước: 8 MP CPU: Snapdragon 215 4 nhân RAM: 2 GB Bộ nhớ trong: 16 GB Thẻ nhớ: MicroSD, hỗ trợ tối đa 64 GB Thẻ SIM: 2 Nano SIM ,  Hỗ trợ 4G HOT SIM VNMB Sieu sim (5GB/ngày) Dung lượng pin: 3500 mAh</specification><description /><image_link>https://cdn.tgdd.vn/Products/Images/42/218886/vsmart-star-3-xanh-400x460-400x460.png https://cdn.tgdd.vn/ValueIcons/1/Label_01-02.png //cdn.tgdd.vn/Products/Images/42/218886/vsmart-star-3-xanh-200x200-180x125.png //cdn.tgdd.vn/Products/Images/42/218886/vsmart-star-3-den-200x200-180x125.png</image_link></item6><item7><title>Điện thoại Realme C3 (3GB/64GB)</title><price>3.490.000₫</price><category>

Điện thoại                    </category><specification>Màn hình: IPS LCD , 6.5",  HD+ Hệ điều hành: Android 10 Camera sau: Chính 12 MP &amp; Phụ 2 MP, 2 MP Camera trước: 5 MP CPU: MediaTek Helio G70 8 nhân RAM: 3 GB Bộ nhớ trong: 64 GB Thẻ nhớ: MicroSD, hỗ trợ tối đa 256 GB Thẻ SIM: 2 Nano SIM ,  Hỗ trợ 4G HOT SIM VNMB Siêu sim (5GB/ngày) Dung lượng pin: 5000 mAh</specification><description /><image_link>https://cdn.tgdd.vn/Products/Images/42/225176/realme-c3-64gb-022820-042803-400x460.png https://cdn.tgdd.vn/ValueIcons/1/Label_01-05.png //cdn.tgdd.vn/Products/Images/42/225176/realme-c3-do-200x200-1-180x125.png //cdn.tgdd.vn/Products/Images/42/225176/realme-c3-xanh-200x200-1-180x125.png</image_link></item7><item8><title>Điện thoại Samsung Galaxy A21s (6GB/64GB)</title><price>4.780.000₫</price><category>

Điện thoại                    </category><specification>Màn hình: TFT LCD , 6.5",  HD+ Hệ điều hành: Android 10 Camera sau: Chính 48 MP &amp; Phụ 8 MP, 2 MP, 2 MP Camera trước: 13 MP CPU: Exynos 850 8 nhân RAM: 6 GB Bộ nhớ trong: 64 GB Thẻ nhớ: MicroSD, hỗ trợ tối đa 512 GB Thẻ SIM: 2 Nano SIM ,  Hỗ trợ 4G HOT SIM VNMB Sieu sim (5GB/ngày) Dung lượng pin: 5000 mAh, có sạc nhanh</specification><description /><image_link>https://cdn.tgdd.vn/Products/Images/42/219314/samsung-galaxy-a21s-055620-045627-400x460.png https://cdn.tgdd.vn/ValueIcons/1/Label_01-05.png //cdn.tgdd.vn/Products/Images/42/219314/samsung-galaxy-a21s-xanh-200x200-1-180x125.png //cdn.tgdd.vn/Products/Images/42/219314/samsung-galaxy-a21s-den-200x200-180x125.png</image_link></item8><item9><title>Điện thoại OPPO A52</title><price>5.990.000₫</price><category>

Điện thoại                    </category><specification>Màn hình: TFT LCD , 6.5",  Full HD+ Hệ điều hành: Android 10 Camera sau: Chính 12 MP &amp; Phụ 8 MP, 2 MP, 2 MP Camera trước: 16 MP CPU: Snapdragon 665 8 nhân RAM: 6 GB Bộ nhớ trong: 128 GB Thẻ nhớ: MicroSD, hỗ trợ tối đa 256 GB Thẻ SIM: 2 Nano SIM ,  Hỗ trợ 4G HOT SIM VNMB Sieu sim (5GB/ngày) Dung lượng pin: 5000 mAh, có sạc nhanh</specification><description /><image_link>https://cdn.tgdd.vn/Products/Images/42/220649/oppo-a52-black-400-400x460.png https://cdn.tgdd.vn/ValueIcons/1/Label_01-05.png //cdn.tgdd.vn/Products/Images/42/220649/oppo-a52-black-200x200-180x125.png //cdn.tgdd.vn/Products/Images/42/220649/oppo-a52-white-200x200-180x125.png</image_link></item9><item10><title>Điện thoại Xiaomi Redmi Note 8 Pro (6GB/128GB)</title><price>5.690.000₫</price><category>

Điện thoại                    </category><specification>Màn hình: IPS LCD , 6.53",  Full HD+ Hệ điều hành: Android 9.0 (Pie) Camera sau: Chính 64 MP &amp; Phụ 8 MP, 2 MP, 2 MP Camera trước: 20 MP CPU: Mediatek Helio G90T 8 nhân RAM: 6 GB Bộ nhớ trong: 128 GB Thẻ nhớ: MicroSD, hỗ trợ tối đa 256 GB Thẻ SIM: 2 SIM Nano (SIM 2 chung khe thẻ nhớ) ,  Hỗ trợ 4G HOT SIM VNMB Sieu sim (5GB/ngày) Dung lượng pin: 4500 mAh, có sạc nhanh</specification><description /><image_link>https://cdn.tgdd.vn/Products/Images/42/214418/xiaomi-redmi-note-8-pro-6gb-128gb-white-400x460.png https://cdn.tgdd.vn/ValueIcons/1/Label_01-02.png //cdn.tgdd.vn/Products/Images/42/214418/xiaomi-redmi-note-8-pro-6gb-128gb-xanh-duong-180x125.png //cdn.tgdd.vn/Products/Images/42/214418/xiaomi-redmi-note-8-pro-6gb-128gb-black-200-180x125.png //cdn.tgdd.vn/Products/Images/42/214418/xiaomi-redmi-note-8-pro-6gb-128gb-green-200-180x125.png //cdn.tgdd.vn/Products/Images/42/214418/xiaomi-redmi-note-8-pro-6gb-128gb-white-200-180x125.png</image_link></item10><item11><title>Điện thoại OPPO A92</title><price>6.490.000₫</price><category>

Điện thoại                    </category><specification>Màn hình: TFT LCD , 6.5",  Full HD+ Hệ điều hành: Android 10 Camera sau: Chính 48 MP &amp; Phụ 8 MP, 2 MP, 2 MP Camera trước: 16 MP CPU: Snapdragon 665 8 nhân RAM: 8 GB Bộ nhớ trong: 128 GB Thẻ nhớ: MicroSD, hỗ trợ tối đa 256 GB Thẻ SIM: 2 Nano SIM ,  Hỗ trợ 4G HOT SIM VNMB Siêu sim (5GB/ngày) Dung lượng pin: 5000 mAh, có sạc nhanh</specification><description /><image_link>https://cdn.tgdd.vn/Products/Images/42/220654/oppo-a92-tim-400x460-400x460.png //cdn.tgdd.vn/Products/Images/42/220654/oppo-a92-tim-200x200-4-180x125.png //cdn.tgdd.vn/Products/Images/42/220654/oppo-a92-black-200x200-180x125.png //cdn.tgdd.vn/Products/Images/42/220654/oppo-a92-white-200x200-180x125.png</image_link></item11><item12><title>Điện thoại iPhone 11 128GB</title><price>22.490.000₫</price><category>

Điện thoại                    </category><specification>Màn hình: IPS LCD , 6.1",  Liquid Retina Hệ điều hành: iOS 13 Camera sau: Chính 12 MP &amp; Phụ 12 MP Camera trước: 12 MP CPU: Apple A13 Bionic 6 nhân RAM: 4 GB Bộ nhớ trong: 128 GB Thẻ SIM: 1 eSIM &amp; 1 Nano SIM ,  Hỗ trợ 4G HOT SIM VNMB Siêu sim (5GB/ngày) Dung lượng pin: 3110 mAh, có sạc nhanh</specification><description /><image_link>https://cdn.tgdd.vn/Products/Images/42/210644/iphone-11-128gb-green-400x460.png //cdn.tgdd.vn/Products/Images/42/210644/iphone-11-128gb-red-200-180x125.png //cdn.tgdd.vn/Products/Images/42/210644/iphone-11-128gb-green-200-180x125.png //cdn.tgdd.vn/Products/Images/42/210644/iphone-11-128gb-purple-200-180x125.png //cdn.tgdd.vn/Products/Images/42/210644/iphone-11-128gb-black-200-180x125.png //cdn.tgdd.vn/Products/Images/42/210644/iphone-11-128gb-white-200-180x125.png //cdn.tgdd.vn/Products/Images/42/210644/iphone-11-128gb-yellow-200-180x125.png</image_link></item12><item13><title>Điện thoại Samsung Galaxy S20</title><price>18.490.000₫</price><category>

Điện thoại                    </category><specification>Màn hình: Dynamic AMOLED 2X, 6.2",  Quad HD+ (2K+) Hệ điều hành: Android 10 Camera sau: Chính 12 MP &amp; Phụ 64 MP, 12 MP Camera trước: 10 MP CPU: Exynos 990 8 nhân RAM: 8 GB Bộ nhớ trong: 128 GB Thẻ nhớ: MicroSD, hỗ trợ tối đa 1 TB Thẻ SIM: 2 Nano SIM HOẶC 1 Nano SIM + 1 eSIM,  Hỗ trợ 4G HOT SIM VNMB Sieu sim (5GB/ngày) Dung lượng pin: 4000 mAh, có sạc nhanh</specification><description /><image_link>https://cdn.tgdd.vn/Products/Images/42/217935/samsung-galaxy-s20-400x460-hong-400x460.png //cdn.tgdd.vn/Products/Images/42/217935/samsung-galaxy-s20-200x200-xampng-180x125.png //cdn.tgdd.vn/Products/Images/42/217935/samsung-galaxy-s20-200x200-hong-180x125.png</image_link></item13><item14><title>Điện thoại iPhone 11 64GB</title><price>20.990.000₫</price><category>

Điện thoại                    </category><specification>Màn hình: IPS LCD , 6.1",  Liquid Retina Hệ điều hành: iOS 13 Camera sau: Chính 12 MP &amp; Phụ 12 MP Camera trước: 12 MP CPU: Apple A13 Bionic 6 nhân RAM: 4 GB Bộ nhớ trong: 64 GB Thẻ SIM: 1 eSIM &amp; 1 Nano SIM ,  Hỗ trợ 4G HOT SIM VNMB Sieu sim (5GB/ngày) Dung lượng pin: 3110 mAh, có sạc nhanh</specification><description /><image_link>https://cdn.tgdd.vn/Products/Images/42/153856/iphone-11-red-2-400x460-400x460.png //cdn.tgdd.vn/Products/Images/42/153856/iphone-11-red-200-180x125.png //cdn.tgdd.vn/Products/Images/42/153856/iphone-11-green-200-180x125.png //cdn.tgdd.vn/Products/Images/42/153856/iphone-11-purple-200-180x125.png //cdn.tgdd.vn/Products/Images/42/153856/iphone-11-black-200-180x125.png //cdn.tgdd.vn/Products/Images/42/153856/iphone-11-white-200-180x125.png //cdn.tgdd.vn/Products/Images/42/153856/iphone-11-yellow-200-180x125.png</image_link></item14><item15><title>Điện thoại OPPO Find X2</title><price>21.990.000₫</price><category>

Điện thoại                    </category><specification>Màn hình: AMOLED , 6.78",  Quad HD+ (2K+) Hệ điều hành: Android 10 Camera sau: Chính 48 MP &amp; Phụ 13 MP, 12 MP Camera trước: 32 MP CPU: Snapdragon 865 8 nhân RAM: 12 GB Bộ nhớ trong: 256 GB Thẻ SIM: 2 Nano SIM , Hỗ trợ 5G HOT SIM VNMB Siêu sim (5GB/ngày) Dung lượng pin: 4200 mAh, có sạc nhanh</specification><description /><image_link>https://cdn.tgdd.vn/Products/Images/42/198150/oppo-find-x2-xanh-400x460-1-400x460.png //cdn.tgdd.vn/Products/Images/42/198150/oppo-find-x2-blue-200x200-1-180x125.png //cdn.tgdd.vn/Products/Images/42/198150/oppo-find-x2-black-180x125.png</image_link></item15><item16><title /><price /><category /><specification /><description /><image_link>https://thegioididong.com</image_link></item16><item17><title>Điện thoại BlackBerry KEYone 4GB/64GB</title><price>6.990.000₫</price><category>

Điện thoại                    </category><specification>Màn hình: IPS LCD , 4.5",  Full HD Hệ điều hành: Android 7.1 (Nougat) Camera sau: 12 MP Camera trước: 8 MP CPU: Snapdragon 625 8 nhân RAM: 4 GB Bộ nhớ trong: 64 GB Thẻ nhớ: MicroSD, hỗ trợ tối đa 256 GB Thẻ SIM: 1 Nano SIM ,  Hỗ trợ 4G HOT SIM VNMB Sieu sim (5GB/ngày) Dung lượng pin: 3505 mAh, có sạc nhanh</specification><description /><image_link>https://cdn.tgdd.vn/Products/Images/42/112433/blackberry-keyone-1-400x460.png //cdn.tgdd.vn/Products/Images/42/112433/blackberry-keyone-black-200-180x125.png</image_link></item17><item18><title>Điện thoại Realme 6 Pro</title><price>7.990.000₫</price><category>

Điện thoại                    </category><specification>Màn hình: IPS LCD , 6.6",  Full HD+ Hệ điều hành: Android 10 Camera sau: Chính 64 MP &amp; Phụ 12 MP, 8 MP, 2 MP Camera trước: Chính 16 MP &amp; Phụ 8 MP CPU: Snapdragon 720G 8 nhân RAM: 8 GB Bộ nhớ trong: 128 GB Thẻ nhớ: MicroSD, hỗ trợ tối đa 256 GB Thẻ SIM: 2 Nano SIM ,  Hỗ trợ 4G HOT SIM VNMB Sieu sim (5GB/ngày) Dung lượng pin: 4300 mAh, có sạc nhanh</specification><description /><image_link>https://cdn.tgdd.vn/Products/Images/42/214645/realme-6-pro-do-400x460-3-400x460.png //cdn.tgdd.vn/Products/Images/42/214645/realme-6-pro-do-200x200-1-180x125.png //cdn.tgdd.vn/Products/Images/42/214645/realme-6-pro-xanh-200x200-1-180x125.png</image_link></item18><item19><title>Điện thoại Samsung Galaxy A51 (8GB/128GB)</title><price>8.390.000₫</price><category>

Điện thoại                    </category><specification>Màn hình: Super AMOLED , 6.5",  Full HD+ Hệ điều hành: Android 10 Camera sau: Chính 48 MP &amp; Phụ 12 MP, 5 MP, 5 MP Camera trước: 32 MP CPU: Exynos 9611 8 nhân RAM: 8 GB Bộ nhớ trong: 128 GB Thẻ nhớ: MicroSD, hỗ trợ tối đa 512 GB Thẻ SIM: 2 Nano SIM ,  Hỗ trợ 4G HOT SIM VNMB Sieu sim (5GB/ngày) Dung lượng pin: 4000 mAh, có sạc nhanh</specification><description /><image_link>https://cdn.tgdd.vn/Products/Images/42/220903/samsung-galaxy-a51-8gb-blue-400x460-1-400x460.png https://cdn.tgdd.vn/ValueIcons/1/Label_01-05.png //cdn.tgdd.vn/Products/Images/42/220903/samsung-galaxy-a51-200x200-reup-180x125.png //cdn.tgdd.vn/Products/Images/42/220903/samsung-galaxy-a51-den-200x200-180x125.png</image_link></item19><item20><title>Điện thoại iPhone 7 32GB</title><price>8.490.000₫</price><category>

Điện thoại                    </category><specification>Màn hình: LED-backlit IPS LCD , 4.7",  Retina HD Hệ điều hành: iOS 13 Camera sau: 12 MP Camera trước: 7 MP CPU: Apple A10 Fusion 4 nhân RAM: 2 GB Bộ nhớ trong: 32 GB Thẻ SIM: 1 Nano SIM ,  Hỗ trợ 4G HOT SIM VNMB Sieu sim (5GB/ngày) Dung lượng pin: 1960 mAh</specification><description /><image_link>https://cdn.tgdd.vn/Products/Images/42/74110/iphone-7-gold-400x460.png //cdn.tgdd.vn/Products/Images/42/74110/iphone-7-32gb-black-200-180x120.png //cdn.tgdd.vn/Products/Images/42/74110/iphone-7-32gb-gold-200-180x120.png</image_link></item20><item21><title>Điện thoại Vivo V19</title><price>8.590.000₫</price><category>

Điện thoại                    </category><specification>Màn hình: Super AMOLED , 6.44",  Full HD+ Hệ điều hành: Android 10 Camera sau: Chính 48 MP &amp; Phụ 8 MP, 2 MP, 2 MP Camera trước: Chính 32 MP &amp; Phụ 8 MP CPU: Snapdragon 712 8 nhân RAM: 8 GB Bộ nhớ trong: 128 GB Thẻ nhớ: MicroSD, hỗ trợ tối đa 256 GB Thẻ SIM: 2 Nano SIM ,  Hỗ trợ 4G HOT SIM VNMB Sieu sim (5GB/ngày) Dung lượng pin: 4500 mAh, có sạc nhanh</specification><description /><image_link>https://cdn.tgdd.vn/Products/Images/42/217859/vivo-v19-xanh-400x460-400x460.png //cdn.tgdd.vn/Products/Images/42/217859/vivo-v19-bac-200x200-180x125.png //cdn.tgdd.vn/Products/Images/42/217859/vivo-v19-den-200x200-180x125.png</image_link></item21><item22><title>Điện thoại OPPO Reno2 F</title><price>6.990.000₫</price><category>

Điện thoại                    </category><specification>Màn hình: AMOLED , 6.5",  Full HD+ Hệ điều hành: Android 9.0 (Pie) Camera sau: Chính 48 MP &amp; Phụ 8 MP, 2 MP, 2 MP Camera trước: 16 MP CPU: MediaTek Helio P70 8 nhân RAM: 8 GB Bộ nhớ trong: 128 GB Thẻ nhớ: MicroSD, hỗ trợ tối đa 256 GB Thẻ SIM: 2 Nano SIM ,  Hỗ trợ 4G HOT SIM VNMB Siêu sim (5GB/ngày) Dung lượng pin: 4000 mAh, có sạc nhanh</specification><description /><image_link>https://cdn.tgdd.vn/Products/Images/42/209800/oppo-reno2-f-white-400x460-400x460.png //cdn.tgdd.vn/Products/Images/42/209800/oppo-reno2-f-white-200x200-180x125.png</image_link></item22><item23><title>Điện thoại Huawei Nova 5T</title><price>8.990.000₫</price><category>

Điện thoại                    </category><specification>Màn hình: IPS LCD , 6.26",  Full HD+ Hệ điều hành: Android 9.0 (Pie) Camera sau: Chính 48 MP &amp; Phụ 16 MP, 2 MP, 2 MP Camera trước: 32 MP CPU: Kirin 980 8 nhân RAM: 8 GB Bộ nhớ trong: 128 GB Thẻ SIM: 2 Nano SIM ,  Hỗ trợ 4G HOT SIM VNMB Siêu sim (5GB/ngày) Dung lượng pin: 3750 mAh, có sạc nhanh</specification><description /><image_link>https://cdn.tgdd.vn/Products/Images/42/209795/huawei-nova-5t-400x460-400x460.png //cdn.tgdd.vn/Products/Images/42/209795/huawei-nova-5t-blue-200x200-180x125.png //cdn.tgdd.vn/Products/Images/42/209795/huawei-nova-5t-green-200x200-180x125.png</image_link></item23><item24><title>Điện thoại OPPO Reno3</title><price>7.490.000₫</price><category>

Điện thoại                    </category><specification>Màn hình: AMOLED , 6.4",  Full HD+ Hệ điều hành: Android 10 Camera sau: Chính 48 MP &amp; Phụ 13 MP, 8 MP, 2 MP Camera trước: 44 MP CPU: MediaTek Helio P90 8 nhân RAM: 8 GB Bộ nhớ trong: 128 GB Thẻ nhớ: MicroSD, hỗ trợ tối đa 256 GB Thẻ SIM: 2 Nano SIM ,  Hỗ trợ 4G HOT SIM VNMB Siêu sim (5GB/ngày) Dung lượng pin: 4025 mAh, có sạc nhanh</specification><description /><image_link>https://cdn.tgdd.vn/Products/Images/42/213591/oppo-reno3-trang-400x460-400x460.png //cdn.tgdd.vn/Products/Images/42/213591/oppo-reno3-xanh-200x200-2-180x125.png //cdn.tgdd.vn/Products/Images/42/213591/oppo-reno3-den-200x200-1-180x125.png //cdn.tgdd.vn/Products/Images/42/213591/oppo-reno3-trang-200x200-1-180x125.png</image_link></item24><item25><title /><price /><category /><specification /><description /><image_link>https://thegioididong.com</image_link></item25><item26><title>Điện thoại Samsung Galaxy A70</title><price>7.290.000₫</price><category>

Điện thoại                    </category><specification>Màn hình: Super AMOLED , 6.7",  Full HD+ Hệ điều hành: Android 9.0 (Pie) Camera sau: Chính 32 MP &amp; Phụ 8 MP, 5 MP Camera trước: 32 MP CPU: Snapdragon 675 8 nhân RAM: 6 GB Bộ nhớ trong: 128 GB Thẻ nhớ: MicroSD, hỗ trợ tối đa 512 GB Thẻ SIM: 2 Nano SIM ,  Hỗ trợ 4G HOT SIM VNMB Sieu sim (5GB/ngày) Dung lượng pin: 4500 mAh, có sạc nhanh</specification><description /><image_link>https://cdn.tgdd.vn/Products/Images/42/195012/samsung-galaxy-a70-052920-062956-400x460.png //cdn.tgdd.vn/Products/Images/42/195012/samsung-galaxy-a70-xanh-200x200-180x125.png //cdn.tgdd.vn/Products/Images/42/195012/samsung-galaxy-a70-den-200x200-180x125.png //cdn.tgdd.vn/Products/Images/42/195012/samsung-galaxy-a70-trang-200x200-180x125.png</image_link></item26><item27><title>Điện thoại Xiaomi Mi Note 10 Lite</title><price>9.990.000₫</price><category>

Điện thoại                    </category><specification>Màn hình: AMOLED , 6.47",  Full HD+ Hệ điều hành: Android 10 Camera sau: Chính 64 MP &amp; Phụ 8 MP, 5 MP, 2 MP Camera trước: 16 MP CPU: Snapdragon 730G 8 nhân RAM: 8 GB Bộ nhớ trong: 128 GB Thẻ SIM: 2 Nano SIM ,  Hỗ trợ 4G HOT SIM VNMB Siêu sim (5GB/ngày) Dung lượng pin: 5260 mAh, có sạc nhanh</specification><description /><image_link>https://cdn.tgdd.vn/Products/Images/42/220851/xiaomi-mi-note-10-lite-400x460-trang-1-400x460.png https://cdn.tgdd.vn/ValueIcons/1/Label_01-02.png //cdn.tgdd.vn/Products/Images/42/220851/xiaomi-mi-note-10-lite-tim-200x200-180x125.png //cdn.tgdd.vn/Products/Images/42/220851/xiaomi-mi-note-10-lite-den-200x200-180x125.png //cdn.tgdd.vn/Products/Images/42/220851/xiaomi-mi-note-10-lite-trang-200x200-180x125.png</image_link></item27><item28><title>Điện thoại Samsung Galaxy A71</title><price>8.390.000₫</price><category>

Điện thoại                    </category><specification>Màn hình: Super AMOLED , 6.7",  Full HD+ Hệ điều hành: Android 10 Camera sau: Chính 64 MP &amp; Phụ 12 MP, 5 MP, 5 MP Camera trước: 32 MP CPU: Snapdragon 730 8 nhân RAM: 8 GB Bộ nhớ trong: 128 GB Thẻ nhớ: MicroSD, hỗ trợ tối đa 512 GB Thẻ SIM: 2 Nano SIM ,  Hỗ trợ 4G HOT SIM VNMB Siêu sim (5GB/ngày) Dung lượng pin: 4500 mAh, có sạc nhanh</specification><description /><image_link>https://cdn.tgdd.vn/Products/Images/42/210246/samsung-galaxy-a71-195320-105352-400x460.png //cdn.tgdd.vn/Products/Images/42/210246/samsung-galaxy-a71-blue-200x200-180x125.png //cdn.tgdd.vn/Products/Images/42/210246/samsung-galaxy-a71-selver-200x200-180x125.png //cdn.tgdd.vn/Products/Images/42/210246/samsung-galaxy-a71-black-200x200-180x125.png //cdn.tgdd.vn/Products/Images/42/210246/sm_a715_galaxya71_silver_200x200-180x125.png</image_link></item28><item29><title>Điện thoại iPhone 7 Plus 32GB</title><price>10.490.000₫</price><category>

Điện thoại                    </category><specification>Màn hình: LED-backlit IPS LCD , 5.5",  Retina HD Hệ điều hành: iOS 13 Camera sau: Chính 12 MP &amp; Phụ 12 MP Camera trước: 7 MP CPU: Apple A10 Fusion 4 nhân RAM: 3 GB Bộ nhớ trong: 32 GB Thẻ SIM: 1 Nano SIM ,  Hỗ trợ 4G HOT SIM VNMB Siêu sim (5GB/ngày) Dung lượng pin: 2900 mAh</specification><description /><image_link>https://cdn.tgdd.vn/Products/Images/42/78124/iphone-7-plus-gold-400x460-400x460.png //cdn.tgdd.vn/Products/Images/42/78124/iphone-7-plus-silver-200-180x120.png //cdn.tgdd.vn/Products/Images/42/78124/iphone-7-plus-black-200-180x120.png //cdn.tgdd.vn/Products/Images/42/78124/iphone-7-plus-gold-200-180x120.png</image_link></item29><item30><title>Điện thoại Samsung Galaxy Note 10 Lite</title><price>11.490.000₫</price><category>

Điện thoại                    </category><specification>Màn hình: Super AMOLED , 6.7",  Full HD+ Hệ điều hành: Android 10 Camera sau: Chính 12 MP &amp; Phụ 12 MP, 12 MP Camera trước: 32 MP CPU: Exynos 9810 8 nhân RAM: 8 GB Bộ nhớ trong: 128 GB Thẻ nhớ: MicroSD, hỗ trợ tối đa 512 GB Thẻ SIM: 2 SIM Nano (SIM 2 chung khe thẻ nhớ) ,  Hỗ trợ 4G HOT SIM VNMB Sieu sim (5GB/ngày) Dung lượng pin: 4500 mAh, có sạc nhanh</specification><description /><image_link>https://cdn.tgdd.vn/Products/Images/42/214909/samsung-galaxy-note-10-lite-chi-tiet-1-400x460.png //cdn.tgdd.vn/Products/Images/42/214909/samsung-galaxy-note-10-lite-white-200x200-180x125.png //cdn.tgdd.vn/Products/Images/42/214909/samsung-galaxy-note-10-lite-black-200x200-1-180x125.png</image_link></item30><item31><title>Điện thoại iPhone SE 64GB (2020)</title><price>12.490.000₫</price><category>

Điện thoại                    </category><specification>Màn hình: IPS LCD , 4.7",  Retina Hệ điều hành: iOS 13 Camera sau: 12 MP Camera trước: 7 MP CPU: Apple A13 Bionic 6 nhân RAM: 3 GB Bộ nhớ trong: 64 GB Thẻ SIM: 1 eSIM &amp; 1 Nano SIM ,  Hỗ trợ 4G HOT SIM VNMB Siêu sim (5GB/ngày) Dung lượng pin: 1821 mAh, có sạc nhanh</specification><description /><image_link>https://cdn.tgdd.vn/Products/Images/42/149456/iphone-se-2020-do-400x460-400x460.png //cdn.tgdd.vn/Products/Images/42/149456/do-200-180x125.png //cdn.tgdd.vn/Products/Images/42/149456/den-200-180x125.png //cdn.tgdd.vn/Products/Images/42/149456/trang-200x200-180x120.png</image_link></item31><item32><title /><price /><category /><specification /><description /><image_link>https://thegioididong.com</image_link></item32><item33><title>Điện thoại Samsung Galaxy S10 Lite</title><price>12.990.000₫</price><category>

Điện thoại                    </category><specification>Màn hình: Super AMOLED , 6.7",  Full HD+ Hệ điều hành: Android 10 Camera sau: Chính 48 MP &amp; Phụ 12 MP, 5 MP Camera trước: 32 MP CPU: Snapdragon 855 8 nhân RAM: 8 GB Bộ nhớ trong: 128 GB Thẻ nhớ: MicroSD, hỗ trợ tối đa 1 TB Thẻ SIM: 2 SIM Nano (SIM 2 chung khe thẻ nhớ) ,  Hỗ trợ 4G HOT SIM VNMB Sieu sim (5GB/ngày) Dung lượng pin: 4500 mAh, có sạc nhanh</specification><description /><image_link>https://cdn.tgdd.vn/Products/Images/42/194251/samsung-galaxy-s10-lite-blue-chi-tiet-400x460.png https://cdn.tgdd.vn/ValueIcons/1/Label_01-05.png //cdn.tgdd.vn/Products/Images/42/194251/samsung-galaxy-s10-lite-xanh-200x200-180x120.png //cdn.tgdd.vn/Products/Images/42/194251/samsung-galaxy-s10-lite-den-200x200-1-180x120.png</image_link></item33><item34><title>Điện thoại Samsung Galaxy A80</title><price>6.990.000₫</price><category>

Điện thoại                    </category><specification>Màn hình: Super AMOLED , 6.7",  Full HD+ Hệ điều hành: Android 9.0 (Pie) Camera sau: Chính 48 MP &amp; Phụ 8 MP, TOF 3D Camera trước: Chính 48 MP &amp; Phụ 8 MP, TOF 3D CPU: Snapdragon 730 8 nhân RAM: 8 GB Bộ nhớ trong: 128 GB Thẻ SIM: 2 Nano SIM ,  Hỗ trợ 4G HOT SIM VNMB Siêu sim (5GB/ngày) Dung lượng pin: 3700 mAh, có sạc nhanh</specification><description /><image_link>https://cdn.tgdd.vn/Products/Images/42/201228/samsung-galaxy-a80-050220-050225-400x460.png //cdn.tgdd.vn/Products/Images/42/201228/samsung-galaxy-a80-den-200x200-180x125.png //cdn.tgdd.vn/Products/Images/42/201228/samsung-galaxy-a80-hong-200x200-180x125.png</image_link></item34><item35><title>Điện thoại OPPO Reno3 Pro</title><price>11.490.000₫</price><category>

Điện thoại                    </category><specification>Màn hình: Sunlight Super AMOLED, 6.4",  Full HD+ Hệ điều hành: Android 10 Camera sau: Chính 64 MP &amp; Phụ 13 MP, 8 MP, 2 MP Camera trước: Chính 44 MP &amp; Phụ 2 MP CPU: MediaTek Helio P95 8 nhân RAM: 8 GB Bộ nhớ trong: 256 GB Thẻ nhớ: MicroSD, hỗ trợ tối đa 256 GB Thẻ SIM: 2 Nano SIM ,  Hỗ trợ 4G HOT SIM VNMB Sieu sim (5GB/ngày) Dung lượng pin: 4025 mAh, có sạc nhanh</specification><description /><image_link>https://cdn.tgdd.vn/Products/Images/42/216172/oppo-reno3-pro-den-400x460-400x460.png //cdn.tgdd.vn/Products/Images/42/216172/oppo-reno3-pro-den-200x200-180x125.png //cdn.tgdd.vn/Products/Images/42/216172/oppo-reno3-pro-trang-200x200-180x125.png</image_link></item35><item36><title>Điện thoại iPhone SE 128GB (2020)</title><price>14.490.000₫</price><category>

Điện thoại                    </category><specification>Màn hình: IPS LCD , 4.7",  Retina Hệ điều hành: iOS 13 Camera trước: 7 MP CPU: Apple A13 Bionic 6 nhân RAM: 3 GB Bộ nhớ trong: 128 GB Thẻ SIM: 1 eSIM &amp; 1 Nano SIM ,  Hỗ trợ 4G HOT SIM VNMB Sieu sim (5GB/ngày) Dung lượng pin: 1821 mAh, có sạc nhanh</specification><description /><image_link>https://cdn.tgdd.vn/Products/Images/42/222629/iphone-se-128gb-2020-261720-101730-400x460.png //cdn.tgdd.vn/Products/Images/42/222629/do-200-180x125.png //cdn.tgdd.vn/Products/Images/42/222629/thumb-black-iphonese-2020-200x200-180x125.png //cdn.tgdd.vn/Products/Images/42/222629/trang-200-180x125.png</image_link></item36><item37><title>Điện thoại Xiaomi Mi Note 10 Pro</title><price>13.990.000₫</price><category>

Điện thoại                    </category><specification>Màn hình: AMOLED , 6.47",  Full HD+ Hệ điều hành: Android 9.0 (Pie) Camera sau: Chính 108 MP &amp; Phụ 20 MP, 12 MP, 5 MP, 2 MP Camera trước: 32 MP CPU: Snapdragon 730G 8 nhân RAM: 8 GB Bộ nhớ trong: 256 GB Thẻ SIM: 2 Nano SIM ,  Hỗ trợ 4G HOT SIM VNMB Sieu sim (5GB/ngày) Dung lượng pin: 5260 mAh, có sạc nhanh</specification><description /><image_link>https://cdn.tgdd.vn/Products/Images/42/213590/xiaomi-mi-note-10-pro-black-400x460.png https://cdn.tgdd.vn/ValueIcons/1/Label_01-02.png //cdn.tgdd.vn/Products/Images/42/213590/xiaomi-mi-note-10-pro-green-200-180x125.png //cdn.tgdd.vn/Products/Images/42/213590/xiaomi-mi-note-10-pro-black-200-180x125.png</image_link></item37><item38><title>Điện thoại BlackBerry KEY2</title><price>14.990.000₫</price><category>

Điện thoại                    </category><specification>Màn hình: IPS LCD , 4.5",  Full HD Hệ điều hành: Android 8.1 (Oreo) Camera sau: Chính 12 MP &amp; Phụ 12 MP RAM: 6 GB Bộ nhớ trong: 64 GB Thẻ nhớ: MicroSD, hỗ trợ tối đa 256 GB Thẻ SIM: 2 Nano SIM ,  Hỗ trợ 4G HOT SIM VNMB Sieu sim (5GB/ngày) Dung lượng pin: 3500 mAh, có sạc nhanh</specification><description /><image_link>https://cdn.tgdd.vn/Products/Images/42/171028/blackberry-key2-3-400x460.png //cdn.tgdd.vn/Products/Images/42/171028/blackberry-key2-silver-200-180x125.png //cdn.tgdd.vn/Products/Images/42/171028/blackberry-key2-black-180x125.png</image_link></item38><item39><title>Điện thoại iPhone 8 Plus 128GB</title><price>16.990.000₫</price><category>

Điện thoại                    </category><specification>Màn hình: LED-backlit IPS LCD , 5.5",  Retina HD Hệ điều hành: iOS 13 Camera sau: Chính 12 MP &amp; Phụ 12 MP Camera trước: 7 MP CPU: Apple A11 Bionic 6 nhân RAM: 3 GB Bộ nhớ trong: 128 GB Thẻ SIM: 1 Nano SIM ,  Hỗ trợ 4G HOT SIM VNMB Siêu sim (5GB/ngày) Dung lượng pin: 2691 mAh, có sạc nhanh</specification><description /><image_link>https://cdn.tgdd.vn/Products/Images/42/225734/iphone-8-plus-128gb-082720-052722-400x460.png //cdn.tgdd.vn/Products/Images/42/225734/iphone-8-plus-h-0-180x125.png //cdn.tgdd.vn/Products/Images/42/225734/iphone-8-plus-h14-180x125.png</image_link></item39><item40><title>Điện thoại iPhone SE 256GB (2020)</title><price>17.490.000₫</price><category>

Điện thoại                    </category><specification>Màn hình: IPS LCD , 4.7",  Retina Hệ điều hành: iOS 13 Camera trước: 7 MP CPU: Apple A13 Bionic 6 nhân RAM: 3 GB Bộ nhớ trong: 256 GB Thẻ SIM: 1 eSIM &amp; 1 Nano SIM ,  Hỗ trợ 4G HOT SIM VNMB Sieu sim (5GB/ngày) Dung lượng pin: 1821 mAh, có sạc nhanh</specification><description /><image_link>https://cdn.tgdd.vn/Products/Images/42/222631/iphone-se-256gb-2020-261820-101806-400x460.png //cdn.tgdd.vn/Products/Images/42/222631/do-200-180x125.png //cdn.tgdd.vn/Products/Images/42/222631/den-200-180x125.png //cdn.tgdd.vn/Products/Images/42/222631/trang-200-180x125.png</image_link></item40><item41><title>Điện thoại Huawei P40 (Nền tảng Huawei Mobile Service)</title><price>17.990.000₫</price><category>

Điện thoại                    </category><specification>Màn hình: OLED , 6.1",  Full HD+ Hệ điều hành: EMUI 10 (Android 10 không có Google) Camera sau: Chính 50 MP &amp; Phụ 16 MP, 8 MP Camera trước: Chính 32 MP &amp; Phụ IR TOF 3D CPU: Kirin 990 8 nhân RAM: 8 GB Bộ nhớ trong: 128 GB Thẻ nhớ: NM card, hỗ trợ tối đa 256 GB Thẻ SIM: 2 SIM Nano (SIM 2 chung khe thẻ nhớ) , Hỗ trợ 5G HOT SIM VNMB Siêu sim (5GB/ngày) Dung lượng pin: 3800 mAh, có sạc nhanh</specification><description /><image_link>https://cdn.tgdd.vn/Products/Images/42/211157/huawei-p40-400x460-1-400x460.png //cdn.tgdd.vn/Products/Images/42/211157/huawei-p40-re-up-200x200-180x125.png //cdn.tgdd.vn/Products/Images/42/211157/huawei-p40-re-up-200x200-1-180x125.png</image_link></item41><item42><title>Điện thoại iPhone Xs 64GB</title><price>17.490.000₫</price><category>

Điện thoại                    </category><specification>Màn hình: OLED , 5.8",  Super Retina Hệ điều hành: iOS 12 Camera sau: Chính 12 MP &amp; Phụ 12 MP Camera trước: 7 MP CPU: Apple A12 Bionic 6 nhân RAM: 4 GB Bộ nhớ trong: 64 GB Thẻ SIM: 1 eSIM &amp; 1 Nano SIM ,  Hỗ trợ 4G HOT SIM VNMB Sieu sim (5GB/ngày) Dung lượng pin: 2658 mAh, có sạc nhanh</specification><description /><image_link>https://cdn.tgdd.vn/Products/Images/42/190323/iphone-xs-gold-400x460-1-400x460.png https://cdn.tgdd.vn/ValueIcons/1/Label_01-05.png //cdn.tgdd.vn/Products/Images/42/190323/iphone-xs-white-200x200-180x125.png //cdn.tgdd.vn/Products/Images/42/190323/iphone-xs-gray-200x200-180x125.png //cdn.tgdd.vn/Products/Images/42/190323/iphone-xs-gold-200x200-1-180x125.png</image_link></item42><item43><title>Điện thoại Samsung Galaxy S20+</title><price>16.990.000₫</price><category>

Điện thoại                    </category><specification>Màn hình: Dynamic AMOLED 2X, 6.7",  Quad HD+ (2K+) Hệ điều hành: Android 10 Camera sau: Chính 12 MP &amp; Phụ 64 MP, 12 MP, TOF 3D Camera trước: 10 MP CPU: Exynos 990 8 nhân RAM: 8 GB Bộ nhớ trong: 128 GB Thẻ nhớ: MicroSD, hỗ trợ tối đa 1 TB Thẻ SIM: 2 Nano SIM HOẶC 1 Nano SIM + 1 eSIM,  Hỗ trợ 4G HOT SIM VNMB Sieu sim (5GB/ngày) Dung lượng pin: 4500 mAh, có sạc nhanh</specification><description /><image_link>https://cdn.tgdd.vn/Products/Images/42/217936/samsung-galaxy-s20-plus-400x460-fix-400x460.png //cdn.tgdd.vn/Products/Images/42/217936/samsung-galaxy-s20-plus-200x200-xanh-180x125.png //cdn.tgdd.vn/Products/Images/42/217936/samsung-galaxy-s20-plus-200x200-xam--180x125.png //cdn.tgdd.vn/Products/Images/42/217936/samsung-galaxy-s20-plus-200x200-den-180x125.png</image_link></item43><item44><title>Điện thoại Huawei P40 Pro (Nền tảng Huawei Mobile Service)</title><price>23.990.000₫</price><category>

Điện thoại                    </category><specification>Màn hình: OLED , 6.58",  Quad HD+ (2K+) Hệ điều hành: EMUI 10 (Android 10 không có Google) Camera sau: Chính 50 MP &amp; Phụ 40 MP,12 MP, TOF 3D Camera trước: Chính 32 MP &amp; Phụ IR TOF 3D CPU: Kirin 990 8 nhân RAM: 8 GB Bộ nhớ trong: 256 GB Thẻ nhớ: NM card, hỗ trợ tối đa 256 GB Thẻ SIM: 2 SIM Nano (SIM 2 chung khe thẻ nhớ) , Hỗ trợ 5G HOT SIM VNMB Siêu sim (5GB/ngày) Dung lượng pin: 4200 mAh, có sạc nhanh</specification><description /><image_link>https://cdn.tgdd.vn/Products/Images/42/215773/huawei-p40-pro-400x460-3-400x460.png //cdn.tgdd.vn/Products/Images/42/215773/huawei-p40-pro-xanh-200x200-re-up-180x125.png //cdn.tgdd.vn/Products/Images/42/215773/huawei-p40-pro-bac-200x200-re-up-180x125.png</image_link></item44><item45><title>Điện thoại iPhone 11 256GB</title><price>24.490.000₫</price><category>

Điện thoại                    </category><specification>Màn hình: IPS LCD , 6.1",  Liquid Retina Hệ điều hành: iOS 13 Camera sau: Chính 12 MP &amp; Phụ 12 MP Camera trước: 12 MP CPU: Apple A13 Bionic 6 nhân RAM: 4 GB Bộ nhớ trong: 256 GB Thẻ SIM: 1 eSIM &amp; 1 Nano SIM ,  Hỗ trợ 4G HOT SIM VNMB Siêu sim (5GB/ngày) Dung lượng pin: 3110 mAh, có sạc nhanh</specification><description /><image_link>https://cdn.tgdd.vn/Products/Images/42/210648/iphone-11-256gb-black-400x460.png //cdn.tgdd.vn/Products/Images/42/210648/iphone-11-256gb-green-200-180x125.png //cdn.tgdd.vn/Products/Images/42/210648/iphone-11-256gb-black-200-180x125.png //cdn.tgdd.vn/Products/Images/42/210648/iphone-11-256gb-white-200-180x125.png</image_link></item45><item46><title>Điện thoại iPhone Xs Max 256GB</title><price>25.990.000₫</price><category>

Điện thoại                    </category><specification>Màn hình: OLED , 6.5",  Super Retina Hệ điều hành: iOS 13 Camera sau: Chính 12 MP &amp; Phụ 12 MP Camera trước: 7 MP CPU: Apple A12 Bionic 6 nhân RAM: 4 GB Bộ nhớ trong: 256 GB Thẻ SIM: 1 eSIM &amp; 1 Nano SIM ,  Hỗ trợ 4G HOT SIM VNMB Sieu sim (5GB/ngày) Dung lượng pin: 3174 mAh, có sạc nhanh</specification><description /><image_link>https://cdn.tgdd.vn/Products/Images/42/190322/iphone-xs-max-256gb-white-400x460.png //cdn.tgdd.vn/Products/Images/42/190322/iphone-xs-max-256gb-png-180x125.png //cdn.tgdd.vn/Products/Images/42/190322/iphone-xs-max-256gb-gray-200-1-180x125.png //cdn.tgdd.vn/Products/Images/42/190322/iphone-xs-max-256gb-gold-200-2-180x125.png</image_link></item46><item47><title>Điện thoại iPhone 11 Pro 64GB</title><price>26.990.000₫</price><category>

Điện thoại                    </category><specification>Màn hình: OLED , 5.8",  Super Retina XDR Hệ điều hành: iOS 13 Camera sau: 3 camera 12 MP Camera trước: 12 MP CPU: Apple A13 Bionic 6 nhân RAM: 4 GB Bộ nhớ trong: 64 GB Thẻ SIM: 1 eSIM &amp; 1 Nano SIM ,  Hỗ trợ 4G HOT SIM VNMB Sieu sim (5GB/ngày) Dung lượng pin: 3046 mAh, có sạc nhanh</specification><description /><image_link>https://cdn.tgdd.vn/Products/Images/42/188705/iphone-11-pro-black-400x460.png //cdn.tgdd.vn/Products/Images/42/188705/iphone-11-pro-white-200-180x125.png //cdn.tgdd.vn/Products/Images/42/188705/iphone-11-pro-black-200-180x125.png //cdn.tgdd.vn/Products/Images/42/188705/iphone-11-pro-green-200-180x125.png //cdn.tgdd.vn/Products/Images/42/188705/iphone-11-pro-gold-200-180x125.png</image_link></item47><item48><title>Điện thoại iPhone 11 Pro Max 64GB</title><price>29.490.000₫</price><category>

Điện thoại                    </category><specification>Màn hình: OLED , 6.5",  Super Retina XDR Hệ điều hành: iOS 13 Camera sau: 3 camera 12 MP Camera trước: 12 MP CPU: Apple A13 Bionic 6 nhân RAM: 4 GB Bộ nhớ trong: 64 GB Thẻ SIM: 1 eSIM &amp; 1 Nano SIM ,  Hỗ trợ 4G HOT SIM VNMB Siêu sim (5GB/ngày) Dung lượng pin: 3969 mAh, có sạc nhanh</specification><description /><image_link>https://cdn.tgdd.vn/Products/Images/42/200533/iphone-11-pro-max-black-400x460.png //cdn.tgdd.vn/Products/Images/42/200533/iphone-11-pro-max-white-200-180x125.png //cdn.tgdd.vn/Products/Images/42/200533/iphone-11-pro-max-black-200-180x125.png //cdn.tgdd.vn/Products/Images/42/200533/iphone-11-pro-max-green-200-180x125.png //cdn.tgdd.vn/Products/Images/42/200533/iphone-11-pro-max-gold-200-180x125.png</image_link></item48></items>